,GLOSATIPOESTABLECIMIENTO,semana,IdCausa,Causa,Total,Menores_1,De_1_a_4,De_5_a_14,De_15_a_64,De_65_y_mas
0,Hospital,1,1,Atenciones de urgencia - Total,15884,849,1644,2441,8045,2905
1,Hospital,1,2,Atenciones de urgencia - Total Respiratorios,1378,184,325,296,383,190
2,Hospital,1,3,Atenciones de urgencia - Bronquitis/bronquiolitis aguda (J20-J21),147,24,50,26,34,13
3,Hospital,1,4,Atenciones de urgencia - Influenza (J09-J11),33,0,6,6,11,10
4,Hospital,1,5,Atenciones de urgencia - Neumonía (J12-J18),175,5,24,22,73,51
5,Hospital,1,6,"Atenciones de urgencia - Otra causa respiratoria (J22, J30-J39, J47, J60-J98)",224,19,30,27,80,68
6,Hospital,1,7,Hospitalizaciones - Sistema Respiratorio,164,10,10,17,52,75
7,Hospital,1,10,Atenciones de urgencia - IRA Alta (J00-J06),683,125,200,191,154,13
8,Hospital,1,11,Atenciones de urgencia - Crisis obstructiva bronquial (J40-J46),116,11,15,24,31,35
9,Hospital,1,25,Hospitalizaciones - Total,1848,67,67,148,866,700
10,Hospital,1,30,"Atenciones de urgencia - Covid-19, Identificado (U07.1)",6,2,1,0,0,3
11,Hospital,1,31,"Atenciones de urgencia - Covid-19, No Identificado (U07.2)",3,1,0,0,2,0
12,Hospital,1,32,Hospitalizaciones - Covid-19 Identificado (U7.1),1,1,0,0,0,0
13,Hospital,1,33,Hospitalizaciones - Covid-19 No Identificado (U7.2),0,0,0,0,0,0
14,Hospital,2,1,Atenciones de urgencia - Total,27265,1373,2832,4069,13733,5258
15,Hospital,2,2,Atenciones de urgencia - Total Respiratorios,2020,297,453,377,542,351
16,Hospital,2,3,Atenciones de urgencia - Bronquitis/bronquiolitis aguda (J20-J21),179,42,42,34,38,23
17,Hospital,2,4,Atenciones de urgencia - Influenza (J09-J11),51,1,6,12,14,18
18,Hospital,2,5,Atenciones de urgencia - Neumonía (J12-J18),231,11,28,37,71,84
19,Hospital,2,6,"Atenciones de urgencia - Otra causa respiratoria (J22, J30-J39, J47, J60-J98)",387,37,39,49,126,136
20,Hospital,2,7,Hospitalizaciones - Sistema Respiratorio,302,22,17,28,94,141
21,Hospital,2,10,Atenciones de urgencia - IRA Alta (J00-J06),978,194,310,214,234,26
22,Hospital,2,11,Atenciones de urgencia - Crisis obstructiva bronquial (J40-J46),194,12,28,31,59,64
23,Hospital,2,25,Hospitalizaciones - Total,3187,124,120,227,1543,1173
24,Hospital,2,30,"Atenciones de urgencia - Covid-19, Identificado (U07.1)",6,2,0,1,1,2
25,Hospital,2,31,"Atenciones de urgencia - Covid-19, No Identificado (U07.2)",1,0,1,0,0,0
26,Hospital,2,32,Hospitalizaciones - Covid-19 Identificado (U7.1),1,0,0,0,0,1
27,Hospital,2,33,Hospitalizaciones - Covid-19 No Identificado (U7.2),0,0,0,0,0,0
28,Hospital,3,1,Atenciones de urgencia - Total,27384,1316,2525,3792,14352,5399
29,Hospital,3,2,Atenciones de urgencia - Total Respiratorios,1842,256,442,355,488,301
30,Hospital,3,3,Atenciones de urgencia - Bronquitis/bronquiolitis aguda (J20-J21),175,29,48,28,41,29
31,Hospital,3,4,Atenciones de urgencia - Influenza (J09-J11),35,2,4,4,14,11
32,Hospital,3,5,Atenciones de urgencia - Neumonía (J12-J18),177,7,27,15,67,61
33,Hospital,3,6,"Atenciones de urgencia - Otra causa respiratoria (J22, J30-J39, J47, J60-J98)",386,35,48,58,120,125
34,Hospital,3,7,Hospitalizaciones - Sistema Respiratorio,261,21,25,16,81,118
35,Hospital,3,10,Atenciones de urgencia - IRA Alta (J00-J06),929,179,295,224,207,24
36,Hospital,3,11,Atenciones de urgencia - Crisis obstructiva bronquial (J40-J46),140,4,20,26,39,51
37,Hospital,3,25,Hospitalizaciones - Total,3289,123,119,225,1599,1223
38,Hospital,3,30,"Atenciones de urgencia - Covid-19, Identificado (U07.1)",10,5,4,0,1,0
39,Hospital,3,31,"Atenciones de urgencia - Covid-19, No Identificado (U07.2)",2,2,0,0,0,0
40,Hospital,3,32,Hospitalizaciones - Covid-19 Identificado (U7.1),0,0,0,0,0,0
41,Hospital,3,33,Hospitalizaciones - Covid-19 No Identificado (U7.2),0,0,0,0,0,0
42,Hospital,4,1,Atenciones de urgencia - Total,27441,1344,2465,3803,14579,5250
43,Hospital,4,2,Atenciones de urgencia - Total Respiratorios,1817,286,421,323,476,311
44,Hospital,4,3,Atenciones de urgencia - Bronquitis/bronquiolitis aguda (J20-J21),161,27,43,24,36,31
45,Hospital,4,4,Atenciones de urgencia - Influenza (J09-J11),44,0,2,5,16,21
46,Hospital,4,5,Atenciones de urgencia - Neumonía (J12-J18),197,6,23,23,69,76
47,Hospital,4,6,"Atenciones de urgencia - Otra causa respiratoria (J22, J30-J39, J47, J60-J98)",348,27,46,38,110,127
48,Hospital,4,7,Hospitalizaciones - Sistema Respiratorio,249,11,28,16,70,124
49,Hospital,4,10,Atenciones de urgencia - IRA Alta (J00-J06),915,214,285,209,191,16
50,Hospital,4,11,Atenciones de urgencia - Crisis obstructiva bronquial (J40-J46),152,12,22,24,54,40
51,Hospital,4,25,Hospitalizaciones - Total,3241,107,135,200,1597,1202
52,Hospital,4,30,"Atenciones de urgencia - Covid-19, Identificado (U07.1)",8,2,3,1,0,2
53,Hospital,4,31,"Atenciones de urgencia - Covid-19, No Identificado (U07.2)",5,3,0,0,2,0
54,Hospital,4,32,Hospitalizaciones - Covid-19 Identificado (U7.1),0,0,0,0,0,0
55,Hospital,4,33,Hospitalizaciones - Covid-19 No Identificado (U7.2),1,0,0,0,0,1
56,Hospital,5,1,Atenciones de urgencia - Total,26964,1337,2447,3706,14211,5263
57,Hospital,5,2,Atenciones de urgencia - Total Respiratorios,1670,227,358,291,485,309
58,Hospital,5,3,Atenciones de urgencia - Bronquitis/bronquiolitis aguda (J20-J21),132,23,28,19,36,26
59,Hospital,5,4,Atenciones de urgencia - Influenza (J09-J11),37,1,4,7,10,15
60,Hospital,5,5,Atenciones de urgencia - Neumonía (J12-J18),171,6,24,17,55,69
61,Hospital,5,6,"Atenciones de urgencia - Otra causa respiratoria (J22, J30-J39, J47, J60-J98)",385,25,38,47,132,143
62,Hospital,5,7,Hospitalizaciones - Sistema Respiratorio,264,11,16,16,75,146
63,Hospital,5,10,Atenciones de urgencia - IRA Alta (J00-J06),834,168,245,193,211,17
64,Hospital,5,11,Atenciones de urgencia - Crisis obstructiva bronquial (J40-J46),111,4,19,8,41,39
65,Hospital,5,25,Hospitalizaciones - Total,3225,118,102,220,1525,1260
66,Hospital,5,30,"Atenciones de urgencia - Covid-19, Identificado (U07.1)",7,2,4,0,0,1
67,Hospital,5,31,"Atenciones de urgencia - Covid-19, No Identificado (U07.2)",0,0,0,0,0,0
68,Hospital,5,32,Hospitalizaciones - Covid-19 Identificado (U7.1),0,0,0,0,0,0
69,Hospital,5,33,Hospitalizaciones - Covid-19 No Identificado (U7.2),1,1,0,0,0,0
70,Hospital,6,1,Atenciones de urgencia - Total,26781,1273,2323,3550,14427,5208
71,Hospital,6,2,Atenciones de urgencia - Total Respiratorios,1619,207,337,275,493,307
72,Hospital,6,3,Atenciones de urgencia - Bronquitis/bronquiolitis aguda (J20-J21),144,21,39,18,37,29
73,Hospital,6,4,Atenciones de urgencia - Influenza (J09-J11),46,0,2,5,16,23
74,Hospital,6,5,Atenciones de urgencia - Neumonía (J12-J18),170,9,20,24,51,66
75,Hospital,6,6,"Atenciones de urgencia - Otra causa respiratoria (J22, J30-J39, J47, J60-J98)",361,20,21,36,150,134
76,Hospital,6,7,Hospitalizaciones - Sistema Respiratorio,240,11,12,12,82,123
77,Hospital,6,10,Atenciones de urgencia - IRA Alta (J00-J06),767,149,235,167,197,19
78,Hospital,6,11,Atenciones de urgencia - Crisis obstructiva bronquial (J40-J46),131,8,20,25,42,36
79,Hospital,6,25,Hospitalizaciones - Total,3095,104,115,209,1545,1122
80,Hospital,6,30,"Atenciones de urgencia - Covid-19, Identificado (U07.1)",11,7,2,0,0,2
81,Hospital,6,31,"Atenciones de urgencia - Covid-19, No Identificado (U07.2)",7,5,1,0,0,1
82,Hospital,6,32,Hospitalizaciones - Covid-19 Identificado (U7.1),0,0,0,0,0,0
83,Hospital,6,33,Hospitalizaciones - Covid-19 No Identificado (U7.2),1,0,0,0,0,1
84,Hospital,7,1,Atenciones de urgencia - Total,26392,1287,2354,3365,14198,5188
85,Hospital,7,2,Atenciones de urgencia - Total Respiratorios,1650,225,331,268,470,356
86,Hospital,7,3,Atenciones de urgencia - Bronquitis/bronquiolitis aguda (J20-J21),137,19,35,17,35,31
87,Hospital,7,4,Atenciones de urgencia - Influenza (J09-J11),35,0,3,6,15,11
88,Hospital,7,5,Atenciones de urgencia - Neumonía (J12-J18),173,5,14,9,49,96
89,Hospital,7,6,"Atenciones de urgencia - Otra causa respiratoria (J22, J30-J39, J47, J60-J98)",375,26,37,36,140,136
90,Hospital,7,7,Hospitalizaciones - Sistema Respiratorio,223,14,12,14,69,114
91,Hospital,7,10,Atenciones de urgencia - IRA Alta (J00-J06),786,163,218,178,195,32
92,Hospital,7,11,Atenciones de urgencia - Crisis obstructiva bronquial (J40-J46),144,12,24,22,36,50
93,Hospital,7,25,Hospitalizaciones - Total,2993,90,106,215,1491,1091
94,Hospital,7,30,"Atenciones de urgencia - Covid-19, Identificado (U07.1)",19,12,5,1,1,0
95,Hospital,7,31,"Atenciones de urgencia - Covid-19, No Identificado (U07.2)",7,4,1,0,1,1
96,Hospital,7,32,Hospitalizaciones - Covid-19 Identificado (U7.1),0,0,0,0,0,0
97,Hospital,7,33,Hospitalizaciones - Covid-19 No Identificado (U7.2),1,0,0,0,0,1
98,Hospital,8,1,Atenciones de urgencia - Total,26241,1312,2164,3352,14105,5308
99,Hospital,8,2,Atenciones de urgencia - Total Respiratorios,1619,276,291,252,497,303
100,Hospital,8,3,Atenciones de urgencia - Bronquitis/bronquiolitis aguda (J20-J21),137,21,25,18,44,29
101,Hospital,8,4,Atenciones de urgencia - Influenza (J09-J11),30,0,0,4,17,9
102,Hospital,8,5,Atenciones de urgencia - Neumonía (J12-J18),153,3,12,16,44,78
103,Hospital,8,6,"Atenciones de urgencia - Otra causa respiratoria (J22, J30-J39, J47, J60-J98)",362,35,30,31,143,123
104,Hospital,8,7,Hospitalizaciones - Sistema Respiratorio,224,5,12,12,80,115
105,Hospital,8,10,Atenciones de urgencia - IRA Alta (J00-J06),825,214,206,160,214,31
106,Hospital,8,11,Atenciones de urgencia - Crisis obstructiva bronquial (J40-J46),112,3,18,23,35,33
107,Hospital,8,25,Hospitalizaciones - Total,2966,87,102,194,1397,1186
108,Hospital,8,30,"Atenciones de urgencia - Covid-19, Identificado (U07.1)",21,12,4,2,2,1
109,Hospital,8,31,"Atenciones de urgencia - Covid-19, No Identificado (U07.2)",8,4,3,0,1,0
110,Hospital,8,32,Hospitalizaciones - Covid-19 Identificado (U7.1),0,0,0,0,0,0
111,Hospital,8,33,Hospitalizaciones - Covid-19 No Identificado (U7.2),0,0,0,0,0,0
112,Hospital,9,1,Atenciones de urgencia - Total,26527,1350,2422,3578,13829,5348
113,Hospital,9,2,Atenciones de urgencia - Total Respiratorios,1847,315,382,320,465,365
114,Hospital,9,3,Atenciones de urgencia - Bronquitis/bronquiolitis aguda (J20-J21),181,51,32,28,40,30
115,Hospital,9,4,Atenciones de urgencia - Influenza (J09-J11),49,0,2,6,24,17
116,Hospital,9,5,Atenciones de urgencia - Neumonía (J12-J18),176,7,22,13,48,86
117,Hospital,9,6,"Atenciones de urgencia - Otra causa respiratoria (J22, J30-J39, J47, J60-J98)",385,48,49,32,112,144
118,Hospital,9,7,Hospitalizaciones - Sistema Respiratorio,243,21,15,19,62,126
119,Hospital,9,10,Atenciones de urgencia - IRA Alta (J00-J06),880,201,245,210,195,29
120,Hospital,9,11,Atenciones de urgencia - Crisis obstructiva bronquial (J40-J46),176,8,32,31,46,59
121,Hospital,9,25,Hospitalizaciones - Total,2934,113,113,207,1419,1082
122,Hospital,9,30,"Atenciones de urgencia - Covid-19, Identificado (U07.1)",12,9,2,1,0,0
123,Hospital,9,31,"Atenciones de urgencia - Covid-19, No Identificado (U07.2)",1,1,0,0,0,0
124,Hospital,9,32,Hospitalizaciones - Covid-19 Identificado (U7.1),2,1,1,0,0,0
125,Hospital,9,33,Hospitalizaciones - Covid-19 No Identificado (U7.2),0,0,0,0,0,0
126,Hospital,10,1,Atenciones de urgencia - Total,28618,1312,2581,4472,14856,5397
127,Hospital,10,2,Atenciones de urgencia - Total Respiratorios,1925,273,418,391,538,305
128,Hospital,10,3,Atenciones de urgencia - Bronquitis/bronquiolitis aguda (J20-J21),192,25,49,40,44,34
129,Hospital,10,4,Atenciones de urgencia - Influenza (J09-J11),37,0,3,7,19,8
130,Hospital,10,5,Atenciones de urgencia - Neumonía (J12-J18),155,10,12,21,53,59
131,Hospital,10,6,"Atenciones de urgencia - Otra causa respiratoria (J22, J30-J39, J47, J60-J98)",375,32,47,45,122,129
132,Hospital,10,7,Hospitalizaciones - Sistema Respiratorio,280,17,24,21,84,134
133,Hospital,10,10,Atenciones de urgencia - IRA Alta (J00-J06),1008,201,285,246,247,29
134,Hospital,10,11,Atenciones de urgencia - Crisis obstructiva bronquial (J40-J46),158,5,22,32,53,46
135,Hospital,10,25,Hospitalizaciones - Total,3161,76,132,237,1587,1129
136,Hospital,10,30,"Atenciones de urgencia - Covid-19, Identificado (U07.1)",17,11,4,1,0,1
137,Hospital,10,31,"Atenciones de urgencia - Covid-19, No Identificado (U07.2)",5,3,2,0,0,0
138,Hospital,10,32,Hospitalizaciones - Covid-19 Identificado (U7.1),0,0,0,0,0,0
139,Hospital,10,33,Hospitalizaciones - Covid-19 No Identificado (U7.2),1,0,0,0,1,0
140,Hospital,11,1,Atenciones de urgencia - Total,32652,1705,3292,6825,15406,5424
141,Hospital,11,2,Atenciones de urgencia - Total Respiratorios,3443,524,927,970,676,346
142,Hospital,11,3,Atenciones de urgencia - Bronquitis/bronquiolitis aguda (J20-J21),366,42,141,97,53,33
143,Hospital,11,4,Atenciones de urgencia - Influenza (J09-J11),67,3,5,24,19,16
144,Hospital,11,5,Atenciones de urgencia - Neumonía (J12-J18),249,11,44,34,74,86
145,Hospital,11,6,"Atenciones de urgencia - Otra causa respiratoria (J22, J30-J39, J47, J60-J98)",511,61,86,89,145,130
146,Hospital,11,7,Hospitalizaciones - Sistema Respiratorio,401,18,88,72,88,135
147,Hospital,11,10,Atenciones de urgencia - IRA Alta (J00-J06),1931,392,573,613,321,32
148,Hospital,11,11,Atenciones de urgencia - Crisis obstructiva bronquial (J40-J46),319,15,78,113,64,49
149,Hospital,11,25,Hospitalizaciones - Total,3336,98,187,284,1556,1211
150,Hospital,11,30,"Atenciones de urgencia - Covid-19, Identificado (U07.1)",19,6,5,3,4,1
151,Hospital,11,31,"Atenciones de urgencia - Covid-19, No Identificado (U07.2)",6,1,1,1,1,2
152,Hospital,11,32,Hospitalizaciones - Covid-19 Identificado (U7.1),0,0,0,0,0,0
153,Hospital,11,33,Hospitalizaciones - Covid-19 No Identificado (U7.2),0,0,0,0,0,0
154,Hospital,12,1,Atenciones de urgencia - Total,26212,1491,2862,6142,11728,3989
155,Hospital,12,2,Atenciones de urgencia - Total Respiratorios,3676,639,1013,1102,636,286
156,Hospital,12,3,Atenciones de urgencia - Bronquitis/bronquiolitis aguda (J20-J21),457,83,178,120,49,27
157,Hospital,12,4,Atenciones de urgencia - Influenza (J09-J11),62,1,7,28,19,7
158,Hospital,12,5,Atenciones de urgencia - Neumonía (J12-J18),188,7,37,36,50,58
159,Hospital,12,6,"Atenciones de urgencia - Otra causa respiratoria (J22, J30-J39, J47, J60-J98)",517,55,91,101,143,127
160,Hospital,12,7,Hospitalizaciones - Sistema Respiratorio,402,34,90,79,89,110
161,Hospital,12,10,Atenciones de urgencia - IRA Alta (J00-J06),2045,473,585,660,304,23
162,Hospital,12,11,Atenciones de urgencia - Crisis obstructiva bronquial (J40-J46),407,20,115,157,71,44
163,Hospital,12,25,Hospitalizaciones - Total,2631,94,166,277,1216,878
164,Hospital,12,30,"Atenciones de urgencia - Covid-19, Identificado (U07.1)",5,1,0,3,1,0
165,Hospital,12,31,"Atenciones de urgencia - Covid-19, No Identificado (U07.2)",1,0,0,0,1,0
166,Hospital,12,32,Hospitalizaciones - Covid-19 Identificado (U7.1),0,0,0,0,0,0
167,Hospital,12,33,Hospitalizaciones - Covid-19 No Identificado (U7.2),0,0,0,0,0,0
168,Hospital,13,1,Atenciones de urgencia - Total,137,0,0,0,83,54
169,Hospital,13,2,Atenciones de urgencia - Total Respiratorios,11,0,0,0,7,4
170,Hospital,13,3,Atenciones de urgencia - Bronquitis/bronquiolitis aguda (J20-J21),0,0,0,0,0,0
171,Hospital,13,4,Atenciones de urgencia - Influenza (J09-J11),0,0,0,0,0,0
172,Hospital,13,5,Atenciones de urgencia - Neumonía (J12-J18),1,0,0,0,0,1
173,Hospital,13,6,"Atenciones de urgencia - Otra causa respiratoria (J22, J30-J39, J47, J60-J98)",6,0,0,0,3,3
174,Hospital,13,7,Hospitalizaciones - Sistema Respiratorio,4,0,0,0,0,4
175,Hospital,13,10,Atenciones de urgencia - IRA Alta (J00-J06),3,0,0,0,3,0
176,Hospital,13,11,Atenciones de urgencia - Crisis obstructiva bronquial (J40-J46),1,0,0,0,1,0
177,Hospital,13,25,Hospitalizaciones - Total,45,0,0,0,14,31
178,Hospital,13,30,"Atenciones de urgencia - Covid-19, Identificado (U07.1)",0,0,0,0,0,0
179,Hospital,13,31,"Atenciones de urgencia - Covid-19, No Identificado (U07.2)",0,0,0,0,0,0
180,Hospital,13,32,Hospitalizaciones - Covid-19 Identificado (U7.1),0,0,0,0,0,0
181,Hospital,13,33,Hospitalizaciones - Covid-19 No Identificado (U7.2),0,0,0,0,0,0
182,SAPU,1,1,Atenciones de urgencia - Total,31734,372,1665,3480,21322,4895
183,SAPU,1,2,Atenciones de urgencia - Total Respiratorios,6600,141,529,919,4256,755
184,SAPU,1,3,Atenciones de urgencia - Bronquitis/bronquiolitis aguda (J20-J21),751,20,77,82,444,128
185,SAPU,1,4,Atenciones de urgencia - Influenza (J09-J11),60,0,2,6,39,13
186,SAPU,1,5,Atenciones de urgencia - Neumonía (J12-J18),217,2,5,11,97,102
187,SAPU,1,6,"Atenciones de urgencia - Otra causa respiratoria (J22, J30-J39, J47, J60-J98)",346,11,26,43,207,59
188,SAPU,1,7,Hospitalizaciones - Sistema Respiratorio,0,0,0,0,0,0
189,SAPU,1,10,Atenciones de urgencia - IRA Alta (J00-J06),4999,108,411,762,3361,357
190,SAPU,1,11,Atenciones de urgencia - Crisis obstructiva bronquial (J40-J46),227,0,8,15,108,96
191,SAPU,1,25,Hospitalizaciones - Total,0,0,0,0,0,0
192,SAPU,1,30,"Atenciones de urgencia - Covid-19, Identificado (U07.1)",1,0,0,0,0,1
193,SAPU,1,31,"Atenciones de urgencia - Covid-19, No Identificado (U07.2)",1,0,0,0,1,0
194,SAPU,1,32,Hospitalizaciones - Covid-19 Identificado (U7.1),0,0,0,0,0,0
195,SAPU,1,33,Hospitalizaciones - Covid-19 No Identificado (U7.2),0,0,0,0,0,0
196,SAPU,2,1,Atenciones de urgencia - Total,52722,640,2834,5977,35217,8054
197,SAPU,2,2,Atenciones de urgencia - Total Respiratorios,9504,242,853,1354,5974,1081
198,SAPU,2,3,Atenciones de urgencia - Bronquitis/bronquiolitis aguda (J20-J21),1022,29,102,101,638,152
199,SAPU,2,4,Atenciones de urgencia - Influenza (J09-J11),92,1,3,7,71,10
200,SAPU,2,5,Atenciones de urgencia - Neumonía (J12-J18),331,4,6,13,145,163
201,SAPU,2,6,"Atenciones de urgencia - Otra causa respiratoria (J22, J30-J39, J47, J60-J98)",606,26,33,71,358,118
202,SAPU,2,7,Hospitalizaciones - Sistema Respiratorio,0,0,0,0,0,0
203,SAPU,2,10,Atenciones de urgencia - IRA Alta (J00-J06),7091,181,698,1142,4581,489
204,SAPU,2,11,Atenciones de urgencia - Crisis obstructiva bronquial (J40-J46),362,1,11,20,181,149
205,SAPU,2,25,Hospitalizaciones - Total,0,0,0,0,0,0
206,SAPU,2,30,"Atenciones de urgencia - Covid-19, Identificado (U07.1)",0,0,0,0,0,0
207,SAPU,2,31,"Atenciones de urgencia - Covid-19, No Identificado (U07.2)",2,0,0,0,2,0
208,SAPU,2,32,Hospitalizaciones - Covid-19 Identificado (U7.1),0,0,0,0,0,0
209,SAPU,2,33,Hospitalizaciones - Covid-19 No Identificado (U7.2),0,0,0,0,0,0
210,SAPU,3,1,Atenciones de urgencia - Total,49533,608,2586,5301,33357,7681
211,SAPU,3,2,Atenciones de urgencia - Total Respiratorios,7896,207,702,1176,4925,886
212,SAPU,3,3,Atenciones de urgencia - Bronquitis/bronquiolitis aguda (J20-J21),785,29,73,86,466,131
213,SAPU,3,4,Atenciones de urgencia - Influenza (J09-J11),68,2,2,12,46,6
214,SAPU,3,5,Atenciones de urgencia - Neumonía (J12-J18),267,1,11,14,95,146
215,SAPU,3,6,"Atenciones de urgencia - Otra causa respiratoria (J22, J30-J39, J47, J60-J98)",448,13,32,52,264,87
216,SAPU,3,7,Hospitalizaciones - Sistema Respiratorio,0,0,0,0,0,0
217,SAPU,3,10,Atenciones de urgencia - IRA Alta (J00-J06),6004,159,570,988,3886,401
218,SAPU,3,11,Atenciones de urgencia - Crisis obstructiva bronquial (J40-J46),324,3,14,24,168,115
219,SAPU,3,25,Hospitalizaciones - Total,0,0,0,0,0,0
220,SAPU,3,30,"Atenciones de urgencia - Covid-19, Identificado (U07.1)",2,0,0,0,1,1
221,SAPU,3,31,"Atenciones de urgencia - Covid-19, No Identificado (U07.2)",1,0,0,0,1,0
222,SAPU,3,32,Hospitalizaciones - Covid-19 Identificado (U7.1),0,0,0,0,0,0
223,SAPU,3,33,Hospitalizaciones - Covid-19 No Identificado (U7.2),0,0,0,0,0,0
224,SAPU,4,1,Atenciones de urgencia - Total,48760,585,2425,4961,33239,7550
225,SAPU,4,2,Atenciones de urgencia - Total Respiratorios,7568,181,655,1045,4798,889
226,SAPU,4,3,Atenciones de urgencia - Bronquitis/bronquiolitis aguda (J20-J21),711,23,64,82,430,112
227,SAPU,4,4,Atenciones de urgencia - Influenza (J09-J11),63,0,2,4,51,6
228,SAPU,4,5,Atenciones de urgencia - Neumonía (J12-J18),251,2,12,6,91,140
229,SAPU,4,6,"Atenciones de urgencia - Otra causa respiratoria (J22, J30-J39, J47, J60-J98)",461,18,31,51,267,94
230,SAPU,4,7,Hospitalizaciones - Sistema Respiratorio,0,0,0,0,0,0
231,SAPU,4,10,Atenciones de urgencia - IRA Alta (J00-J06),5794,138,536,887,3823,410
232,SAPU,4,11,Atenciones de urgencia - Crisis obstructiva bronquial (J40-J46),288,0,10,15,136,127
233,SAPU,4,25,Hospitalizaciones - Total,0,0,0,0,0,0
234,SAPU,4,30,"Atenciones de urgencia - Covid-19, Identificado (U07.1)",1,0,0,0,1,0
235,SAPU,4,31,"Atenciones de urgencia - Covid-19, No Identificado (U07.2)",1,0,0,0,1,0
236,SAPU,4,32,Hospitalizaciones - Covid-19 Identificado (U7.1),0,0,0,0,0,0
237,SAPU,4,33,Hospitalizaciones - Covid-19 No Identificado (U7.2),0,0,0,0,0,0
238,SAPU,5,1,Atenciones de urgencia - Total,47915,537,2247,4799,32949,7383
239,SAPU,5,2,Atenciones de urgencia - Total Respiratorios,7300,178,588,955,4713,866
240,SAPU,5,3,Atenciones de urgencia - Bronquitis/bronquiolitis aguda (J20-J21),713,22,70,65,436,120
241,SAPU,5,4,Atenciones de urgencia - Influenza (J09-J11),50,0,2,4,38,6
242,SAPU,5,5,Atenciones de urgencia - Neumonía (J12-J18),258,4,5,5,99,145
243,SAPU,5,6,"Atenciones de urgencia - Otra causa respiratoria (J22, J30-J39, J47, J60-J98)",473,22,34,45,269,103
244,SAPU,5,7,Hospitalizaciones - Sistema Respiratorio,0,0,0,0,0,0
245,SAPU,5,10,Atenciones de urgencia - IRA Alta (J00-J06),5490,130,471,816,3704,369
246,SAPU,5,11,Atenciones de urgencia - Crisis obstructiva bronquial (J40-J46),316,0,6,20,167,123
247,SAPU,5,25,Hospitalizaciones - Total,0,0,0,0,0,0
248,SAPU,5,30,"Atenciones de urgencia - Covid-19, Identificado (U07.1)",1,0,0,0,1,0
249,SAPU,5,31,"Atenciones de urgencia - Covid-19, No Identificado (U07.2)",4,0,1,0,2,1
250,SAPU,5,32,Hospitalizaciones - Covid-19 Identificado (U7.1),0,0,0,0,0,0
251,SAPU,5,33,Hospitalizaciones - Covid-19 No Identificado (U7.2),0,0,0,0,0,0
252,SAPU,6,1,Atenciones de urgencia - Total,46962,593,2117,4581,32281,7390
253,SAPU,6,2,Atenciones de urgencia - Total Respiratorios,7300,206,537,994,4666,897
254,SAPU,6,3,Atenciones de urgencia - Bronquitis/bronquiolitis aguda (J20-J21),640,23,57,58,372,130
255,SAPU,6,4,Atenciones de urgencia - Influenza (J09-J11),57,0,3,8,40,6
256,SAPU,6,5,Atenciones de urgencia - Neumonía (J12-J18),262,2,7,12,100,141
257,SAPU,6,6,"Atenciones de urgencia - Otra causa respiratoria (J22, J30-J39, J47, J60-J98)",391,17,19,36,233,86
258,SAPU,6,7,Hospitalizaciones - Sistema Respiratorio,0,0,0,0,0,0
259,SAPU,6,10,Atenciones de urgencia - IRA Alta (J00-J06),5605,162,440,858,3753,392
260,SAPU,6,11,Atenciones de urgencia - Crisis obstructiva bronquial (J40-J46),345,2,11,22,168,142
261,SAPU,6,25,Hospitalizaciones - Total,0,0,0,0,0,0
262,SAPU,6,30,"Atenciones de urgencia - Covid-19, Identificado (U07.1)",0,0,0,0,0,0
263,SAPU,6,31,"Atenciones de urgencia - Covid-19, No Identificado (U07.2)",2,0,0,0,2,0
264,SAPU,6,32,Hospitalizaciones - Covid-19 Identificado (U7.1),0,0,0,0,0,0
265,SAPU,6,33,Hospitalizaciones - Covid-19 No Identificado (U7.2),0,0,0,0,0,0
266,SAPU,7,1,Atenciones de urgencia - Total,46712,532,2075,4471,31992,7642
267,SAPU,7,2,Atenciones de urgencia - Total Respiratorios,7450,189,567,985,4780,929
268,SAPU,7,3,Atenciones de urgencia - Bronquitis/bronquiolitis aguda (J20-J21),614,15,50,61,374,114
269,SAPU,7,4,Atenciones de urgencia - Influenza (J09-J11),56,0,1,3,43,9
270,SAPU,7,5,Atenciones de urgencia - Neumonía (J12-J18),222,2,2,2,81,135
271,SAPU,7,6,"Atenciones de urgencia - Otra causa respiratoria (J22, J30-J39, J47, J60-J98)",432,11,26,43,252,100
272,SAPU,7,7,Hospitalizaciones - Sistema Respiratorio,0,0,0,0,0,0
273,SAPU,7,10,Atenciones de urgencia - IRA Alta (J00-J06),5809,161,484,859,3863,442
274,SAPU,7,11,Atenciones de urgencia - Crisis obstructiva bronquial (J40-J46),317,0,4,17,167,129
275,SAPU,7,25,Hospitalizaciones - Total,0,0,0,0,0,0
276,SAPU,7,30,"Atenciones de urgencia - Covid-19, Identificado (U07.1)",0,0,0,0,0,0
277,SAPU,7,31,"Atenciones de urgencia - Covid-19, No Identificado (U07.2)",2,1,0,0,1,0
278,SAPU,7,32,Hospitalizaciones - Covid-19 Identificado (U7.1),0,0,0,0,0,0
279,SAPU,7,33,Hospitalizaciones - Covid-19 No Identificado (U7.2),0,0,0,0,0,0
280,SAPU,8,1,Atenciones de urgencia - Total,48956,615,2008,4587,33922,7824
281,SAPU,8,2,Atenciones de urgencia - Total Respiratorios,8691,230,606,1129,5639,1087
282,SAPU,8,3,Atenciones de urgencia - Bronquitis/bronquiolitis aguda (J20-J21),804,19,62,87,478,158
283,SAPU,8,4,Atenciones de urgencia - Influenza (J09-J11),56,2,2,5,38,9
284,SAPU,8,5,Atenciones de urgencia - Neumonía (J12-J18),269,2,4,7,91,165
285,SAPU,8,6,"Atenciones de urgencia - Otra causa respiratoria (J22, J30-J39, J47, J60-J98)",437,18,19,39,272,89
286,SAPU,8,7,Hospitalizaciones - Sistema Respiratorio,0,0,0,0,0,0
287,SAPU,8,10,Atenciones de urgencia - IRA Alta (J00-J06),6818,189,513,970,4613,533
288,SAPU,8,11,Atenciones de urgencia - Crisis obstructiva bronquial (J40-J46),307,0,6,21,147,133
289,SAPU,8,25,Hospitalizaciones - Total,0,0,0,0,0,0
290,SAPU,8,30,"Atenciones de urgencia - Covid-19, Identificado (U07.1)",0,0,0,0,0,0
291,SAPU,8,31,"Atenciones de urgencia - Covid-19, No Identificado (U07.2)",2,0,0,0,0,2
292,SAPU,8,32,Hospitalizaciones - Covid-19 Identificado (U7.1),0,0,0,0,0,0
293,SAPU,8,33,Hospitalizaciones - Covid-19 No Identificado (U7.2),0,0,0,0,0,0
294,SAPU,9,1,Atenciones de urgencia - Total,46390,527,2089,4512,31780,7482
295,SAPU,9,2,Atenciones de urgencia - Total Respiratorios,8214,191,583,1076,5328,1036
296,SAPU,9,3,Atenciones de urgencia - Bronquitis/bronquiolitis aguda (J20-J21),805,16,57,95,490,147
297,SAPU,9,4,Atenciones de urgencia - Influenza (J09-J11),71,0,1,0,56,14
298,SAPU,9,5,Atenciones de urgencia - Neumonía (J12-J18),241,0,2,10,90,139
299,SAPU,9,6,"Atenciones de urgencia - Otra causa respiratoria (J22, J30-J39, J47, J60-J98)",537,16,27,53,326,115
300,SAPU,9,7,Hospitalizaciones - Sistema Respiratorio,0,0,0,0,0,0
301,SAPU,9,10,Atenciones de urgencia - IRA Alta (J00-J06),6219,159,491,892,4186,491
302,SAPU,9,11,Atenciones de urgencia - Crisis obstructiva bronquial (J40-J46),341,0,5,26,180,130
303,SAPU,9,25,Hospitalizaciones - Total,0,0,0,0,0,0
304,SAPU,9,30,"Atenciones de urgencia - Covid-19, Identificado (U07.1)",0,0,0,0,0,0
305,SAPU,9,31,"Atenciones de urgencia - Covid-19, No Identificado (U07.2)",2,0,0,0,2,0
306,SAPU,9,32,Hospitalizaciones - Covid-19 Identificado (U7.1),0,0,0,0,0,0
307,SAPU,9,33,Hospitalizaciones - Covid-19 No Identificado (U7.2),0,0,0,0,0,0
308,SAPU,10,1,Atenciones de urgencia - Total,51242,575,2401,5458,34443,8365
309,SAPU,10,2,Atenciones de urgencia - Total Respiratorios,10213,227,797,1645,6304,1240
310,SAPU,10,3,Atenciones de urgencia - Bronquitis/bronquiolitis aguda (J20-J21),949,22,85,126,539,177
311,SAPU,10,4,Atenciones de urgencia - Influenza (J09-J11),104,0,2,9,83,10
312,SAPU,10,5,Atenciones de urgencia - Neumonía (J12-J18),286,2,7,9,105,163
313,SAPU,10,6,"Atenciones de urgencia - Otra causa respiratoria (J22, J30-J39, J47, J60-J98)",366,7,22,48,199,90
314,SAPU,10,7,Hospitalizaciones - Sistema Respiratorio,0,0,0,0,0,0
315,SAPU,10,10,Atenciones de urgencia - IRA Alta (J00-J06),8146,196,672,1425,5195,658
316,SAPU,10,11,Atenciones de urgencia - Crisis obstructiva bronquial (J40-J46),362,0,9,28,183,142
317,SAPU,10,25,Hospitalizaciones - Total,0,0,0,0,0,0
318,SAPU,10,30,"Atenciones de urgencia - Covid-19, Identificado (U07.1)",1,0,0,0,0,1
319,SAPU,10,31,"Atenciones de urgencia - Covid-19, No Identificado (U07.2)",1,0,0,0,0,1
320,SAPU,10,32,Hospitalizaciones - Covid-19 Identificado (U7.1),0,0,0,0,0,0
321,SAPU,10,33,Hospitalizaciones - Covid-19 No Identificado (U7.2),0,0,0,0,0,0
322,SAPU,11,1,Atenciones de urgencia - Total,60906,902,4202,9777,37868,8157
323,SAPU,11,2,Atenciones de urgencia - Total Respiratorios,17239,448,2288,4655,8505,1343
324,SAPU,11,3,Atenciones de urgencia - Bronquitis/bronquiolitis aguda (J20-J21),1505,49,257,333,637,229
325,SAPU,11,4,Atenciones de urgencia - Influenza (J09-J11),215,4,12,30,140,29
326,SAPU,11,5,Atenciones de urgencia - Neumonía (J12-J18),341,3,17,28,122,171
327,SAPU,11,6,"Atenciones de urgencia - Otra causa respiratoria (J22, J30-J39, J47, J60-J98)",514,23,60,100,245,86
328,SAPU,11,7,Hospitalizaciones - Sistema Respiratorio,0,0,0,0,0,0
329,SAPU,11,10,Atenciones de urgencia - IRA Alta (J00-J06),14217,365,1922,4097,7147,686
330,SAPU,11,11,Atenciones de urgencia - Crisis obstructiva bronquial (J40-J46),447,4,20,67,214,142
331,SAPU,11,25,Hospitalizaciones - Total,0,0,0,0,0,0
332,SAPU,11,30,"Atenciones de urgencia - Covid-19, Identificado (U07.1)",4,0,1,1,2,0
333,SAPU,11,31,"Atenciones de urgencia - Covid-19, No Identificado (U07.2)",5,1,0,0,3,1
334,SAPU,11,32,Hospitalizaciones - Covid-19 Identificado (U7.1),0,0,0,0,0,0
335,SAPU,11,33,Hospitalizaciones - Covid-19 No Identificado (U7.2),0,0,0,0,0,0
336,SAPU,12,1,Atenciones de urgencia - Total,54804,856,4371,10369,32646,6562
337,SAPU,12,2,Atenciones de urgencia - Total Respiratorios,20053,551,2694,5918,9565,1325
338,SAPU,12,3,Atenciones de urgencia - Bronquitis/bronquiolitis aguda (J20-J21),1865,61,319,524,767,194
339,SAPU,12,4,Atenciones de urgencia - Influenza (J09-J11),215,4,8,55,134,14
340,SAPU,12,5,Atenciones de urgencia - Neumonía (J12-J18),326,4,22,22,125,153
341,SAPU,12,6,"Atenciones de urgencia - Otra causa respiratoria (J22, J30-J39, J47, J60-J98)",429,19,56,76,202,76
342,SAPU,12,7,Hospitalizaciones - Sistema Respiratorio,0,0,0,0,0,0
343,SAPU,12,10,Atenciones de urgencia - IRA Alta (J00-J06),16729,462,2262,5128,8109,768
344,SAPU,12,11,Atenciones de urgencia - Crisis obstructiva bronquial (J40-J46),489,1,27,113,228,120
345,SAPU,12,25,Hospitalizaciones - Total,0,0,0,0,0,0
346,SAPU,12,30,"Atenciones de urgencia - Covid-19, Identificado (U07.1)",4,0,0,0,3,1
347,SAPU,12,31,"Atenciones de urgencia - Covid-19, No Identificado (U07.2)",3,0,1,2,0,0
348,SAPU,12,32,Hospitalizaciones - Covid-19 Identificado (U7.1),0,0,0,0,0,0
349,SAPU,12,33,Hospitalizaciones - Covid-19 No Identificado (U7.2),0,0,0,0,0,0
350,SAPU,13,1,Atenciones de urgencia - Total,2429,24,187,456,1462,300
351,SAPU,13,2,Atenciones de urgencia - Total Respiratorios,910,16,102,270,450,72
352,SAPU,13,3,Atenciones de urgencia - Bronquitis/bronquiolitis aguda (J20-J21),123,2,16,38,52,15
353,SAPU,13,4,Atenciones de urgencia - Influenza (J09-J11),11,0,0,3,8,0
354,SAPU,13,5,Atenciones de urgencia - Neumonía (J12-J18),16,0,0,1,7,8
355,SAPU,13,6,"Atenciones de urgencia - Otra causa respiratoria (J22, J30-J39, J47, J60-J98)",23,1,2,7,8,5
356,SAPU,13,7,Hospitalizaciones - Sistema Respiratorio,0,0,0,0,0,0
357,SAPU,13,10,Atenciones de urgencia - IRA Alta (J00-J06),717,13,83,218,367,36
358,SAPU,13,11,Atenciones de urgencia - Crisis obstructiva bronquial (J40-J46),20,0,1,3,8,8
359,SAPU,13,25,Hospitalizaciones - Total,0,0,0,0,0,0
360,SAPU,13,30,"Atenciones de urgencia - Covid-19, Identificado (U07.1)",0,0,0,0,0,0
361,SAPU,13,31,"Atenciones de urgencia - Covid-19, No Identificado (U07.2)",1,0,0,1,0,0
362,SAPU,13,32,Hospitalizaciones - Covid-19 Identificado (U7.1),0,0,0,0,0,0
363,SAPU,13,33,Hospitalizaciones - Covid-19 No Identificado (U7.2),0,0,0,0,0,0
364,SAR,1,1,Atenciones de urgencia - Total,11910,119,592,1176,7752,2271
365,SAR,1,2,Atenciones de urgencia - Total Respiratorios,2009,44,160,249,1230,326
366,SAR,1,3,Atenciones de urgencia - Bronquitis/bronquiolitis aguda (J20-J21),254,3,23,18,157,53
367,SAR,1,4,Atenciones de urgencia - Influenza (J09-J11),17,0,0,1,11,5
368,SAR,1,5,Atenciones de urgencia - Neumonía (J12-J18),164,3,13,13,56,79
369,SAR,1,6,"Atenciones de urgencia - Otra causa respiratoria (J22, J30-J39, J47, J60-J98)",80,1,1,6,48,24
370,SAR,1,7,Hospitalizaciones - Sistema Respiratorio,0,0,0,0,0,0
371,SAR,1,10,Atenciones de urgencia - IRA Alta (J00-J06),1396,36,121,207,913,119
372,SAR,1,11,Atenciones de urgencia - Crisis obstructiva bronquial (J40-J46),98,1,2,4,45,46
373,SAR,1,25,Hospitalizaciones - Total,0,0,0,0,0,0
374,SAR,1,30,"Atenciones de urgencia - Covid-19, Identificado (U07.1)",0,0,0,0,0,0
375,SAR,1,31,"Atenciones de urgencia - Covid-19, No Identificado (U07.2)",0,0,0,0,0,0
376,SAR,1,32,Hospitalizaciones - Covid-19 Identificado (U7.1),0,0,0,0,0,0
377,SAR,1,33,Hospitalizaciones - Covid-19 No Identificado (U7.2),0,0,0,0,0,0
378,SAR,2,1,Atenciones de urgencia - Total,20660,207,1067,2035,13423,3928
379,SAR,2,2,Atenciones de urgencia - Total Respiratorios,3005,79,277,357,1790,502
380,SAR,2,3,Atenciones de urgencia - Bronquitis/bronquiolitis aguda (J20-J21),369,18,37,25,216,73
381,SAR,2,4,Atenciones de urgencia - Influenza (J09-J11),39,1,2,1,29,6
382,SAR,2,5,Atenciones de urgencia - Neumonía (J12-J18),213,4,11,11,77,110
383,SAR,2,6,"Atenciones de urgencia - Otra causa respiratoria (J22, J30-J39, J47, J60-J98)",149,2,6,2,77,62
384,SAR,2,7,Hospitalizaciones - Sistema Respiratorio,0,0,0,0,0,0
385,SAR,2,10,Atenciones de urgencia - IRA Alta (J00-J06),2071,53,218,310,1313,177
386,SAR,2,11,Atenciones de urgencia - Crisis obstructiva bronquial (J40-J46),164,1,3,8,78,74
387,SAR,2,25,Hospitalizaciones - Total,0,0,0,0,0,0
388,SAR,2,30,"Atenciones de urgencia - Covid-19, Identificado (U07.1)",0,0,0,0,0,0
389,SAR,2,31,"Atenciones de urgencia - Covid-19, No Identificado (U07.2)",0,0,0,0,0,0
390,SAR,2,32,Hospitalizaciones - Covid-19 Identificado (U7.1),0,0,0,0,0,0
391,SAR,2,33,Hospitalizaciones - Covid-19 No Identificado (U7.2),0,0,0,0,0,0
392,SAR,3,1,Atenciones de urgencia - Total,19592,194,1024,1909,12928,3537
393,SAR,3,2,Atenciones de urgencia - Total Respiratorios,2615,65,274,326,1553,397
394,SAR,3,3,Atenciones de urgencia - Bronquitis/bronquiolitis aguda (J20-J21),325,6,45,37,189,48
395,SAR,3,4,Atenciones de urgencia - Influenza (J09-J11),51,0,4,6,33,8
396,SAR,3,5,Atenciones de urgencia - Neumonía (J12-J18),174,2,12,7,59,94
397,SAR,3,6,"Atenciones de urgencia - Otra causa respiratoria (J22, J30-J39, J47, J60-J98)",139,3,6,11,76,43
398,SAR,3,7,Hospitalizaciones - Sistema Respiratorio,0,0,0,0,0,0
399,SAR,3,10,Atenciones de urgencia - IRA Alta (J00-J06),1772,54,205,254,1121,138
400,SAR,3,11,Atenciones de urgencia - Crisis obstructiva bronquial (J40-J46),154,0,2,11,75,66
401,SAR,3,25,Hospitalizaciones - Total,0,0,0,0,0,0
402,SAR,3,30,"Atenciones de urgencia - Covid-19, Identificado (U07.1)",0,0,0,0,0,0
403,SAR,3,31,"Atenciones de urgencia - Covid-19, No Identificado (U07.2)",0,0,0,0,0,0
404,SAR,3,32,Hospitalizaciones - Covid-19 Identificado (U7.1),0,0,0,0,0,0
405,SAR,3,33,Hospitalizaciones - Covid-19 No Identificado (U7.2),0,0,0,0,0,0
406,SAR,4,1,Atenciones de urgencia - Total,19327,207,911,1779,12856,3574
407,SAR,4,2,Atenciones de urgencia - Total Respiratorios,2475,71,224,309,1453,418
408,SAR,4,3,Atenciones de urgencia - Bronquitis/bronquiolitis aguda (J20-J21),235,7,34,19,133,42
409,SAR,4,4,Atenciones de urgencia - Influenza (J09-J11),33,0,0,3,26,4
410,SAR,4,5,Atenciones de urgencia - Neumonía (J12-J18),183,4,8,5,60,106
411,SAR,4,6,"Atenciones de urgencia - Otra causa respiratoria (J22, J30-J39, J47, J60-J98)",133,4,14,8,64,43
412,SAR,4,7,Hospitalizaciones - Sistema Respiratorio,0,0,0,0,0,0
413,SAR,4,10,Atenciones de urgencia - IRA Alta (J00-J06),1762,56,168,272,1127,139
414,SAR,4,11,Atenciones de urgencia - Crisis obstructiva bronquial (J40-J46),129,0,0,2,43,84
415,SAR,4,25,Hospitalizaciones - Total,0,0,0,0,0,0
416,SAR,4,30,"Atenciones de urgencia - Covid-19, Identificado (U07.1)",0,0,0,0,0,0
417,SAR,4,31,"Atenciones de urgencia - Covid-19, No Identificado (U07.2)",0,0,0,0,0,0
418,SAR,4,32,Hospitalizaciones - Covid-19 Identificado (U7.1),0,0,0,0,0,0
419,SAR,4,33,Hospitalizaciones - Covid-19 No Identificado (U7.2),0,0,0,0,0,0
420,SAR,5,1,Atenciones de urgencia - Total,19618,204,881,1824,13137,3572
421,SAR,5,2,Atenciones de urgencia - Total Respiratorios,2444,55,210,304,1513,362
422,SAR,5,3,Atenciones de urgencia - Bronquitis/bronquiolitis aguda (J20-J21),266,8,22,26,171,39
423,SAR,5,4,Atenciones de urgencia - Influenza (J09-J11),26,0,0,1,23,2
424,SAR,5,5,Atenciones de urgencia - Neumonía (J12-J18),154,5,8,14,53,74
425,SAR,5,6,"Atenciones de urgencia - Otra causa respiratoria (J22, J30-J39, J47, J60-J98)",120,3,6,5,58,48
426,SAR,5,7,Hospitalizaciones - Sistema Respiratorio,0,0,0,0,0,0
427,SAR,5,10,Atenciones de urgencia - IRA Alta (J00-J06),1749,39,172,253,1146,139
428,SAR,5,11,Atenciones de urgencia - Crisis obstructiva bronquial (J40-J46),129,0,2,5,62,60
429,SAR,5,25,Hospitalizaciones - Total,0,0,0,0,0,0
430,SAR,5,30,"Atenciones de urgencia - Covid-19, Identificado (U07.1)",0,0,0,0,0,0
431,SAR,5,31,"Atenciones de urgencia - Covid-19, No Identificado (U07.2)",0,0,0,0,0,0
432,SAR,5,32,Hospitalizaciones - Covid-19 Identificado (U7.1),0,0,0,0,0,0
433,SAR,5,33,Hospitalizaciones - Covid-19 No Identificado (U7.2),0,0,0,0,0,0
434,SAR,6,1,Atenciones de urgencia - Total,18772,198,825,1698,12588,3463
435,SAR,6,2,Atenciones de urgencia - Total Respiratorios,2379,71,179,302,1473,354
436,SAR,6,3,Atenciones de urgencia - Bronquitis/bronquiolitis aguda (J20-J21),227,7,23,27,131,39
437,SAR,6,4,Atenciones de urgencia - Influenza (J09-J11),32,0,0,2,22,8
438,SAR,6,5,Atenciones de urgencia - Neumonía (J12-J18),164,3,7,8,53,93
439,SAR,6,6,"Atenciones de urgencia - Otra causa respiratoria (J22, J30-J39, J47, J60-J98)",126,2,7,11,67,39
440,SAR,6,7,Hospitalizaciones - Sistema Respiratorio,0,0,0,0,0,0
441,SAR,6,10,Atenciones de urgencia - IRA Alta (J00-J06),1686,59,139,247,1128,113
442,SAR,6,11,Atenciones de urgencia - Crisis obstructiva bronquial (J40-J46),144,0,3,7,72,62
443,SAR,6,25,Hospitalizaciones - Total,0,0,0,0,0,0
444,SAR,6,30,"Atenciones de urgencia - Covid-19, Identificado (U07.1)",0,0,0,0,0,0
445,SAR,6,31,"Atenciones de urgencia - Covid-19, No Identificado (U07.2)",1,0,0,0,1,0
446,SAR,6,32,Hospitalizaciones - Covid-19 Identificado (U7.1),0,0,0,0,0,0
447,SAR,6,33,Hospitalizaciones - Covid-19 No Identificado (U7.2),0,0,0,0,0,0
448,SAR,7,1,Atenciones de urgencia - Total,18964,219,774,1625,12723,3623
449,SAR,7,2,Atenciones de urgencia - Total Respiratorios,2426,94,184,256,1509,383
450,SAR,7,3,Atenciones de urgencia - Bronquitis/bronquiolitis aguda (J20-J21),244,12,19,27,141,45
451,SAR,7,4,Atenciones de urgencia - Influenza (J09-J11),43,1,1,2,33,6
452,SAR,7,5,Atenciones de urgencia - Neumonía (J12-J18),146,2,5,6,41,92
453,SAR,7,6,"Atenciones de urgencia - Otra causa respiratoria (J22, J30-J39, J47, J60-J98)",100,0,7,2,47,44
454,SAR,7,7,Hospitalizaciones - Sistema Respiratorio,0,0,0,0,0,0
455,SAR,7,10,Atenciones de urgencia - IRA Alta (J00-J06),1738,79,152,208,1164,135
456,SAR,7,11,Atenciones de urgencia - Crisis obstructiva bronquial (J40-J46),155,0,0,11,83,61
457,SAR,7,25,Hospitalizaciones - Total,0,0,0,0,0,0
458,SAR,7,30,"Atenciones de urgencia - Covid-19, Identificado (U07.1)",0,0,0,0,0,0
459,SAR,7,31,"Atenciones de urgencia - Covid-19, No Identificado (U07.2)",1,0,0,0,1,0
460,SAR,7,32,Hospitalizaciones - Covid-19 Identificado (U7.1),0,0,0,0,0,0
461,SAR,7,33,Hospitalizaciones - Covid-19 No Identificado (U7.2),0,0,0,0,0,0
462,SAR,8,1,Atenciones de urgencia - Total,19500,209,751,1665,13170,3705
463,SAR,8,2,Atenciones de urgencia - Total Respiratorios,2832,74,209,336,1772,441
464,SAR,8,3,Atenciones de urgencia - Bronquitis/bronquiolitis aguda (J20-J21),278,9,28,18,167,56
465,SAR,8,4,Atenciones de urgencia - Influenza (J09-J11),22,0,0,3,15,4
466,SAR,8,5,Atenciones de urgencia - Neumonía (J12-J18),178,2,7,9,60,100
467,SAR,8,6,"Atenciones de urgencia - Otra causa respiratoria (J22, J30-J39, J47, J60-J98)",144,2,3,11,75,53
468,SAR,8,7,Hospitalizaciones - Sistema Respiratorio,0,0,0,0,0,0
469,SAR,8,10,Atenciones de urgencia - IRA Alta (J00-J06),2049,61,171,288,1369,160
470,SAR,8,11,Atenciones de urgencia - Crisis obstructiva bronquial (J40-J46),161,0,0,7,86,68
471,SAR,8,25,Hospitalizaciones - Total,0,0,0,0,0,0
472,SAR,8,30,"Atenciones de urgencia - Covid-19, Identificado (U07.1)",0,0,0,0,0,0
473,SAR,8,31,"Atenciones de urgencia - Covid-19, No Identificado (U07.2)",0,0,0,0,0,0
474,SAR,8,32,Hospitalizaciones - Covid-19 Identificado (U7.1),0,0,0,0,0,0
475,SAR,8,33,Hospitalizaciones - Covid-19 No Identificado (U7.2),0,0,0,0,0,0
476,SAR,9,1,Atenciones de urgencia - Total,18857,200,758,1677,12597,3625
477,SAR,9,2,Atenciones de urgencia - Total Respiratorios,2618,66,182,328,1598,444
478,SAR,9,3,Atenciones de urgencia - Bronquitis/bronquiolitis aguda (J20-J21),291,14,23,32,172,50
479,SAR,9,4,Atenciones de urgencia - Influenza (J09-J11),35,0,0,3,28,4
480,SAR,9,5,Atenciones de urgencia - Neumonía (J12-J18),159,2,2,3,56,96
481,SAR,9,6,"Atenciones de urgencia - Otra causa respiratoria (J22, J30-J39, J47, J60-J98)",110,3,3,8,47,49
482,SAR,9,7,Hospitalizaciones - Sistema Respiratorio,0,0,0,0,0,0
483,SAR,9,10,Atenciones de urgencia - IRA Alta (J00-J06),1863,46,149,275,1220,173
484,SAR,9,11,Atenciones de urgencia - Crisis obstructiva bronquial (J40-J46),160,1,5,7,75,72
485,SAR,9,25,Hospitalizaciones - Total,0,0,0,0,0,0
486,SAR,9,30,"Atenciones de urgencia - Covid-19, Identificado (U07.1)",2,0,0,0,2,0
487,SAR,9,31,"Atenciones de urgencia - Covid-19, No Identificado (U07.2)",5,0,0,0,4,1
488,SAR,9,32,Hospitalizaciones - Covid-19 Identificado (U7.1),0,0,0,0,0,0
489,SAR,9,33,Hospitalizaciones - Covid-19 No Identificado (U7.2),0,0,0,0,0,0
490,SAR,10,1,Atenciones de urgencia - Total,20531,208,866,1931,13575,3951
491,SAR,10,2,Atenciones de urgencia - Total Respiratorios,3186,94,227,451,1935,479
492,SAR,10,3,Atenciones de urgencia - Bronquitis/bronquiolitis aguda (J20-J21),349,14,31,49,187,68
493,SAR,10,4,Atenciones de urgencia - Influenza (J09-J11),41,0,0,3,29,9
494,SAR,10,5,Atenciones de urgencia - Neumonía (J12-J18),154,0,3,0,56,95
495,SAR,10,6,"Atenciones de urgencia - Otra causa respiratoria (J22, J30-J39, J47, J60-J98)",158,2,3,7,82,64
496,SAR,10,7,Hospitalizaciones - Sistema Respiratorio,0,0,0,0,0,0
497,SAR,10,10,Atenciones de urgencia - IRA Alta (J00-J06),2335,78,188,378,1513,178
498,SAR,10,11,Atenciones de urgencia - Crisis obstructiva bronquial (J40-J46),149,0,2,14,68,65
499,SAR,10,25,Hospitalizaciones - Total,0,0,0,0,0,0
500,SAR,10,30,"Atenciones de urgencia - Covid-19, Identificado (U07.1)",1,0,0,0,1,0
501,SAR,10,31,"Atenciones de urgencia - Covid-19, No Identificado (U07.2)",3,0,0,0,3,0
502,SAR,10,32,Hospitalizaciones - Covid-19 Identificado (U7.1),0,0,0,0,0,0
503,SAR,10,33,Hospitalizaciones - Covid-19 No Identificado (U7.2),0,0,0,0,0,0
504,SAR,11,1,Atenciones de urgencia - Total,23770,280,1502,3436,14629,3923
505,SAR,11,2,Atenciones de urgencia - Total Respiratorios,5276,150,724,1327,2527,548
506,SAR,11,3,Atenciones de urgencia - Bronquitis/bronquiolitis aguda (J20-J21),573,19,113,128,243,70
507,SAR,11,4,Atenciones de urgencia - Influenza (J09-J11),78,0,0,13,49,16
508,SAR,11,5,Atenciones de urgencia - Neumonía (J12-J18),205,5,17,17,57,109
509,SAR,11,6,"Atenciones de urgencia - Otra causa respiratoria (J22, J30-J39, J47, J60-J98)",171,5,13,20,74,59
510,SAR,11,7,Hospitalizaciones - Sistema Respiratorio,0,0,0,0,0,0
511,SAR,11,10,Atenciones de urgencia - IRA Alta (J00-J06),4040,120,572,1119,2009,220
512,SAR,11,11,Atenciones de urgencia - Crisis obstructiva bronquial (J40-J46),209,1,9,30,95,74
513,SAR,11,25,Hospitalizaciones - Total,0,0,0,0,0,0
514,SAR,11,30,"Atenciones de urgencia - Covid-19, Identificado (U07.1)",0,0,0,0,0,0
515,SAR,11,31,"Atenciones de urgencia - Covid-19, No Identificado (U07.2)",3,0,0,1,2,0
516,SAR,11,32,Hospitalizaciones - Covid-19 Identificado (U7.1),0,0,0,0,0,0
517,SAR,11,33,Hospitalizaciones - Covid-19 No Identificado (U7.2),0,0,0,0,0,0
518,SAR,12,1,Atenciones de urgencia - Total,23167,307,1620,3945,13832,3463
519,SAR,12,2,Atenciones de urgencia - Total Respiratorios,6610,189,920,1828,3097,576
520,SAR,12,3,Atenciones de urgencia - Bronquitis/bronquiolitis aguda (J20-J21),772,21,128,209,309,105
521,SAR,12,4,Atenciones de urgencia - Influenza (J09-J11),93,0,0,24,58,11
522,SAR,12,5,Atenciones de urgencia - Neumonía (J12-J18),233,3,21,19,97,93
523,SAR,12,6,"Atenciones de urgencia - Otra causa respiratoria (J22, J30-J39, J47, J60-J98)",175,4,14,40,66,51
524,SAR,12,7,Hospitalizaciones - Sistema Respiratorio,0,0,0,0,0,0
525,SAR,12,10,Atenciones de urgencia - IRA Alta (J00-J06),5130,161,751,1495,2476,247
526,SAR,12,11,Atenciones de urgencia - Crisis obstructiva bronquial (J40-J46),207,0,6,41,91,69
527,SAR,12,25,Hospitalizaciones - Total,0,0,0,0,0,0
528,SAR,12,30,"Atenciones de urgencia - Covid-19, Identificado (U07.1)",1,0,0,0,1,0
529,SAR,12,31,"Atenciones de urgencia - Covid-19, No Identificado (U07.2)",2,0,0,1,1,0
530,SAR,12,32,Hospitalizaciones - Covid-19 Identificado (U7.1),0,0,0,0,0,0
531,SAR,12,33,Hospitalizaciones - Covid-19 No Identificado (U7.2),0,0,0,0,0,0
532,SAR,13,1,Atenciones de urgencia - Total,1164,11,89,180,697,187
533,SAR,13,2,Atenciones de urgencia - Total Respiratorios,314,7,47,83,144,33
534,SAR,13,3,Atenciones de urgencia - Bronquitis/bronquiolitis aguda (J20-J21),35,1,3,16,10,5
535,SAR,13,4,Atenciones de urgencia - Influenza (J09-J11),7,0,0,2,3,2
536,SAR,13,5,Atenciones de urgencia - Neumonía (J12-J18),7,0,2,1,2,2
537,SAR,13,6,"Atenciones de urgencia - Otra causa respiratoria (J22, J30-J39, J47, J60-J98)",14,0,3,0,8,3
538,SAR,13,7,Hospitalizaciones - Sistema Respiratorio,0,0,0,0,0,0
539,SAR,13,10,Atenciones de urgencia - IRA Alta (J00-J06),238,6,39,61,117,15
540,SAR,13,11,Atenciones de urgencia - Crisis obstructiva bronquial (J40-J46),13,0,0,3,4,6
541,SAR,13,25,Hospitalizaciones - Total,0,0,0,0,0,0
542,SAR,13,30,"Atenciones de urgencia - Covid-19, Identificado (U07.1)",0,0,0,0,0,0
543,SAR,13,31,"Atenciones de urgencia - Covid-19, No Identificado (U07.2)",0,0,0,0,0,0
544,SAR,13,32,Hospitalizaciones - Covid-19 Identificado (U7.1),0,0,0,0,0,0
545,SAR,13,33,Hospitalizaciones - Covid-19 No Identificado (U7.2),0,0,0,0,0,0
546,SUR,1,1,Atenciones de urgencia - Total,1164,15,74,152,772,151
547,SUR,1,2,Atenciones de urgencia - Total Respiratorios,272,7,23,39,175,28
548,SUR,1,3,Atenciones de urgencia - Bronquitis/bronquiolitis aguda (J20-J21),31,1,2,1,21,6
549,SUR,1,4,Atenciones de urgencia - Influenza (J09-J11),1,0,1,0,0,0
550,SUR,1,5,Atenciones de urgencia - Neumonía (J12-J18),14,0,2,2,4,6
551,SUR,1,6,"Atenciones de urgencia - Otra causa respiratoria (J22, J30-J39, J47, J60-J98)",15,0,1,0,11,3
552,SUR,1,7,Hospitalizaciones - Sistema Respiratorio,0,0,0,0,0,0
553,SUR,1,10,Atenciones de urgencia - IRA Alta (J00-J06),202,6,17,34,136,9
554,SUR,1,11,Atenciones de urgencia - Crisis obstructiva bronquial (J40-J46),9,0,0,2,3,4
555,SUR,1,25,Hospitalizaciones - Total,0,0,0,0,0,0
556,SUR,1,30,"Atenciones de urgencia - Covid-19, Identificado (U07.1)",0,0,0,0,0,0
557,SUR,1,31,"Atenciones de urgencia - Covid-19, No Identificado (U07.2)",0,0,0,0,0,0
558,SUR,1,32,Hospitalizaciones - Covid-19 Identificado (U7.1),0,0,0,0,0,0
559,SUR,1,33,Hospitalizaciones - Covid-19 No Identificado (U7.2),0,0,0,0,0,0
560,SUR,2,1,Atenciones de urgencia - Total,1688,30,99,204,1131,224
561,SUR,2,2,Atenciones de urgencia - Total Respiratorios,320,8,25,49,203,35
562,SUR,2,3,Atenciones de urgencia - Bronquitis/bronquiolitis aguda (J20-J21),41,2,6,2,26,5
563,SUR,2,4,Atenciones de urgencia - Influenza (J09-J11),6,0,0,0,6,0
564,SUR,2,5,Atenciones de urgencia - Neumonía (J12-J18),14,0,0,0,5,9
565,SUR,2,6,"Atenciones de urgencia - Otra causa respiratoria (J22, J30-J39, J47, J60-J98)",9,0,0,0,7,2
566,SUR,2,7,Hospitalizaciones - Sistema Respiratorio,0,0,0,0,0,0
567,SUR,2,10,Atenciones de urgencia - IRA Alta (J00-J06),234,6,18,44,153,13
568,SUR,2,11,Atenciones de urgencia - Crisis obstructiva bronquial (J40-J46),16,0,1,3,6,6
569,SUR,2,25,Hospitalizaciones - Total,0,0,0,0,0,0
570,SUR,2,30,"Atenciones de urgencia - Covid-19, Identificado (U07.1)",0,0,0,0,0,0
571,SUR,2,31,"Atenciones de urgencia - Covid-19, No Identificado (U07.2)",0,0,0,0,0,0
572,SUR,2,32,Hospitalizaciones - Covid-19 Identificado (U7.1),0,0,0,0,0,0
573,SUR,2,33,Hospitalizaciones - Covid-19 No Identificado (U7.2),0,0,0,0,0,0
574,SUR,3,1,Atenciones de urgencia - Total,1839,25,119,257,1189,249
575,SUR,3,2,Atenciones de urgencia - Total Respiratorios,302,8,34,50,181,29
576,SUR,3,3,Atenciones de urgencia - Bronquitis/bronquiolitis aguda (J20-J21),25,1,3,1,19,1
577,SUR,3,4,Atenciones de urgencia - Influenza (J09-J11),3,0,0,1,2,0
578,SUR,3,5,Atenciones de urgencia - Neumonía (J12-J18),12,0,1,2,2,7
579,SUR,3,6,"Atenciones de urgencia - Otra causa respiratoria (J22, J30-J39, J47, J60-J98)",20,0,2,3,11,4
580,SUR,3,7,Hospitalizaciones - Sistema Respiratorio,0,0,0,0,0,0
581,SUR,3,10,Atenciones de urgencia - IRA Alta (J00-J06),233,7,28,41,142,15
582,SUR,3,11,Atenciones de urgencia - Crisis obstructiva bronquial (J40-J46),9,0,0,2,5,2
583,SUR,3,25,Hospitalizaciones - Total,0,0,0,0,0,0
584,SUR,3,30,"Atenciones de urgencia - Covid-19, Identificado (U07.1)",0,0,0,0,0,0
585,SUR,3,31,"Atenciones de urgencia - Covid-19, No Identificado (U07.2)",1,0,0,0,1,0
586,SUR,3,32,Hospitalizaciones - Covid-19 Identificado (U7.1),0,0,0,0,0,0
587,SUR,3,33,Hospitalizaciones - Covid-19 No Identificado (U7.2),0,0,0,0,0,0
588,SUR,4,1,Atenciones de urgencia - Total,1841,20,97,189,1261,274
589,SUR,4,2,Atenciones de urgencia - Total Respiratorios,304,2,27,42,200,33
590,SUR,4,3,Atenciones de urgencia - Bronquitis/bronquiolitis aguda (J20-J21),26,0,0,4,18,4
591,SUR,4,4,Atenciones de urgencia - Influenza (J09-J11),8,0,0,0,8,0
592,SUR,4,5,Atenciones de urgencia - Neumonía (J12-J18),16,1,1,0,6,8
593,SUR,4,6,"Atenciones de urgencia - Otra causa respiratoria (J22, J30-J39, J47, J60-J98)",22,0,2,2,11,7
594,SUR,4,7,Hospitalizaciones - Sistema Respiratorio,0,0,0,0,0,0
595,SUR,4,10,Atenciones de urgencia - IRA Alta (J00-J06),219,1,24,35,150,9
596,SUR,4,11,Atenciones de urgencia - Crisis obstructiva bronquial (J40-J46),13,0,0,1,7,5
597,SUR,4,25,Hospitalizaciones - Total,0,0,0,0,0,0
598,SUR,4,30,"Atenciones de urgencia - Covid-19, Identificado (U07.1)",0,0,0,0,0,0
599,SUR,4,31,"Atenciones de urgencia - Covid-19, No Identificado (U07.2)",0,0,0,0,0,0
600,SUR,4,32,Hospitalizaciones - Covid-19 Identificado (U7.1),0,0,0,0,0,0
601,SUR,4,33,Hospitalizaciones - Covid-19 No Identificado (U7.2),0,0,0,0,0,0
602,SUR,5,1,Atenciones de urgencia - Total,1487,22,89,146,1027,203
603,SUR,5,2,Atenciones de urgencia - Total Respiratorios,233,6,26,29,151,21
604,SUR,5,3,Atenciones de urgencia - Bronquitis/bronquiolitis aguda (J20-J21),13,0,1,2,8,2
605,SUR,5,4,Atenciones de urgencia - Influenza (J09-J11),6,0,0,2,3,1
606,SUR,5,5,Atenciones de urgencia - Neumonía (J12-J18),14,0,0,0,8,6
607,SUR,5,6,"Atenciones de urgencia - Otra causa respiratoria (J22, J30-J39, J47, J60-J98)",11,0,1,1,7,2
608,SUR,5,7,Hospitalizaciones - Sistema Respiratorio,0,0,0,0,0,0
609,SUR,5,10,Atenciones de urgencia - IRA Alta (J00-J06),183,6,24,24,122,7
610,SUR,5,11,Atenciones de urgencia - Crisis obstructiva bronquial (J40-J46),6,0,0,0,3,3
611,SUR,5,25,Hospitalizaciones - Total,0,0,0,0,0,0
612,SUR,5,30,"Atenciones de urgencia - Covid-19, Identificado (U07.1)",0,0,0,0,0,0
613,SUR,5,31,"Atenciones de urgencia - Covid-19, No Identificado (U07.2)",0,0,0,0,0,0
614,SUR,5,32,Hospitalizaciones - Covid-19 Identificado (U7.1),0,0,0,0,0,0
615,SUR,5,33,Hospitalizaciones - Covid-19 No Identificado (U7.2),0,0,0,0,0,0
616,SUR,6,1,Atenciones de urgencia - Total,1500,25,73,177,1018,207
617,SUR,6,2,Atenciones de urgencia - Total Respiratorios,210,11,18,28,131,22
618,SUR,6,3,Atenciones de urgencia - Bronquitis/bronquiolitis aguda (J20-J21),18,2,2,4,9,1
619,SUR,6,4,Atenciones de urgencia - Influenza (J09-J11),7,1,0,0,5,1
620,SUR,6,5,Atenciones de urgencia - Neumonía (J12-J18),9,0,0,0,5,4
621,SUR,6,6,"Atenciones de urgencia - Otra causa respiratoria (J22, J30-J39, J47, J60-J98)",18,1,0,3,10,4
622,SUR,6,7,Hospitalizaciones - Sistema Respiratorio,0,0,0,0,0,0
623,SUR,6,10,Atenciones de urgencia - IRA Alta (J00-J06),153,7,15,21,99,11
624,SUR,6,11,Atenciones de urgencia - Crisis obstructiva bronquial (J40-J46),5,0,1,0,3,1
625,SUR,6,25,Hospitalizaciones - Total,0,0,0,0,0,0
626,SUR,6,30,"Atenciones de urgencia - Covid-19, Identificado (U07.1)",0,0,0,0,0,0
627,SUR,6,31,"Atenciones de urgencia - Covid-19, No Identificado (U07.2)",0,0,0,0,0,0
628,SUR,6,32,Hospitalizaciones - Covid-19 Identificado (U7.1),0,0,0,0,0,0
629,SUR,6,33,Hospitalizaciones - Covid-19 No Identificado (U7.2),0,0,0,0,0,0
630,SUR,7,1,Atenciones de urgencia - Total,1561,22,87,191,1049,212
631,SUR,7,2,Atenciones de urgencia - Total Respiratorios,259,5,21,46,163,24
632,SUR,7,3,Atenciones de urgencia - Bronquitis/bronquiolitis aguda (J20-J21),12,0,0,1,7,4
633,SUR,7,4,Atenciones de urgencia - Influenza (J09-J11),0,0,0,0,0,0
634,SUR,7,5,Atenciones de urgencia - Neumonía (J12-J18),6,0,0,1,1,4
635,SUR,7,6,"Atenciones de urgencia - Otra causa respiratoria (J22, J30-J39, J47, J60-J98)",30,2,2,5,19,2
636,SUR,7,7,Hospitalizaciones - Sistema Respiratorio,0,0,0,0,0,0
637,SUR,7,10,Atenciones de urgencia - IRA Alta (J00-J06),205,3,19,38,133,12
638,SUR,7,11,Atenciones de urgencia - Crisis obstructiva bronquial (J40-J46),6,0,0,1,3,2
639,SUR,7,25,Hospitalizaciones - Total,0,0,0,0,0,0
640,SUR,7,30,"Atenciones de urgencia - Covid-19, Identificado (U07.1)",0,0,0,0,0,0
641,SUR,7,31,"Atenciones de urgencia - Covid-19, No Identificado (U07.2)",0,0,0,0,0,0
642,SUR,7,32,Hospitalizaciones - Covid-19 Identificado (U7.1),0,0,0,0,0,0
643,SUR,7,33,Hospitalizaciones - Covid-19 No Identificado (U7.2),0,0,0,0,0,0
644,SUR,8,1,Atenciones de urgencia - Total,1648,31,83,179,1127,228
645,SUR,8,2,Atenciones de urgencia - Total Respiratorios,261,16,20,30,167,28
646,SUR,8,3,Atenciones de urgencia - Bronquitis/bronquiolitis aguda (J20-J21),18,0,3,3,7,5
647,SUR,8,4,Atenciones de urgencia - Influenza (J09-J11),7,1,0,0,3,3
648,SUR,8,5,Atenciones de urgencia - Neumonía (J12-J18),8,0,0,0,1,7
649,SUR,8,6,"Atenciones de urgencia - Otra causa respiratoria (J22, J30-J39, J47, J60-J98)",25,1,2,2,18,2
650,SUR,8,7,Hospitalizaciones - Sistema Respiratorio,0,0,0,0,0,0
651,SUR,8,10,Atenciones de urgencia - IRA Alta (J00-J06),197,14,15,24,133,11
652,SUR,8,11,Atenciones de urgencia - Crisis obstructiva bronquial (J40-J46),6,0,0,1,5,0
653,SUR,8,25,Hospitalizaciones - Total,0,0,0,0,0,0
654,SUR,8,30,"Atenciones de urgencia - Covid-19, Identificado (U07.1)",0,0,0,0,0,0
655,SUR,8,31,"Atenciones de urgencia - Covid-19, No Identificado (U07.2)",0,0,0,0,0,0
656,SUR,8,32,Hospitalizaciones - Covid-19 Identificado (U7.1),0,0,0,0,0,0
657,SUR,8,33,Hospitalizaciones - Covid-19 No Identificado (U7.2),0,0,0,0,0,0
658,SUR,9,1,Atenciones de urgencia - Total,1472,23,62,172,1013,202
659,SUR,9,2,Atenciones de urgencia - Total Respiratorios,264,5,18,41,176,24
660,SUR,9,3,Atenciones de urgencia - Bronquitis/bronquiolitis aguda (J20-J21),20,0,1,2,11,6
661,SUR,9,4,Atenciones de urgencia - Influenza (J09-J11),5,0,0,0,4,1
662,SUR,9,5,Atenciones de urgencia - Neumonía (J12-J18),8,0,0,0,1,7
663,SUR,9,6,"Atenciones de urgencia - Otra causa respiratoria (J22, J30-J39, J47, J60-J98)",16,0,0,2,11,3
664,SUR,9,7,Hospitalizaciones - Sistema Respiratorio,0,0,0,0,0,0
665,SUR,9,10,Atenciones de urgencia - IRA Alta (J00-J06),206,5,17,36,141,7
666,SUR,9,11,Atenciones de urgencia - Crisis obstructiva bronquial (J40-J46),9,0,0,1,8,0
667,SUR,9,25,Hospitalizaciones - Total,0,0,0,0,0,0
668,SUR,9,30,"Atenciones de urgencia - Covid-19, Identificado (U07.1)",0,0,0,0,0,0
669,SUR,9,31,"Atenciones de urgencia - Covid-19, No Identificado (U07.2)",0,0,0,0,0,0
670,SUR,9,32,Hospitalizaciones - Covid-19 Identificado (U7.1),0,0,0,0,0,0
671,SUR,9,33,Hospitalizaciones - Covid-19 No Identificado (U7.2),0,0,0,0,0,0
672,SUR,10,1,Atenciones de urgencia - Total,1664,25,78,183,1138,240
673,SUR,10,2,Atenciones de urgencia - Total Respiratorios,299,10,21,50,180,38
674,SUR,10,3,Atenciones de urgencia - Bronquitis/bronquiolitis aguda (J20-J21),28,0,4,5,13,6
675,SUR,10,4,Atenciones de urgencia - Influenza (J09-J11),5,0,0,0,3,2
676,SUR,10,5,Atenciones de urgencia - Neumonía (J12-J18),5,0,0,0,2,3
677,SUR,10,6,"Atenciones de urgencia - Otra causa respiratoria (J22, J30-J39, J47, J60-J98)",9,0,0,0,7,2
678,SUR,10,7,Hospitalizaciones - Sistema Respiratorio,0,0,0,0,0,0
679,SUR,10,10,Atenciones de urgencia - IRA Alta (J00-J06),242,10,17,44,150,21
680,SUR,10,11,Atenciones de urgencia - Crisis obstructiva bronquial (J40-J46),10,0,0,1,5,4
681,SUR,10,25,Hospitalizaciones - Total,0,0,0,0,0,0
682,SUR,10,30,"Atenciones de urgencia - Covid-19, Identificado (U07.1)",2,0,0,0,1,1
683,SUR,10,31,"Atenciones de urgencia - Covid-19, No Identificado (U07.2)",0,0,0,0,0,0
684,SUR,10,32,Hospitalizaciones - Covid-19 Identificado (U7.1),0,0,0,0,0,0
685,SUR,10,33,Hospitalizaciones - Covid-19 No Identificado (U7.2),0,0,0,0,0,0
686,SUR,11,1,Atenciones de urgencia - Total,1635,14,141,269,1002,209
687,SUR,11,2,Atenciones de urgencia - Total Respiratorios,485,7,78,135,232,33
688,SUR,11,3,Atenciones de urgencia - Bronquitis/bronquiolitis aguda (J20-J21),42,1,9,7,21,4
689,SUR,11,4,Atenciones de urgencia - Influenza (J09-J11),10,0,1,3,3,3
690,SUR,11,5,Atenciones de urgencia - Neumonía (J12-J18),15,0,0,2,4,9
691,SUR,11,6,"Atenciones de urgencia - Otra causa respiratoria (J22, J30-J39, J47, J60-J98)",32,0,7,11,9,5
692,SUR,11,7,Hospitalizaciones - Sistema Respiratorio,0,0,0,0,0,0
693,SUR,11,10,Atenciones de urgencia - IRA Alta (J00-J06),370,6,60,110,183,11
694,SUR,11,11,Atenciones de urgencia - Crisis obstructiva bronquial (J40-J46),16,0,1,2,12,1
695,SUR,11,25,Hospitalizaciones - Total,0,0,0,0,0,0
696,SUR,11,30,"Atenciones de urgencia - Covid-19, Identificado (U07.1)",1,0,0,0,1,0
697,SUR,11,31,"Atenciones de urgencia - Covid-19, No Identificado (U07.2)",1,0,0,0,1,0
698,SUR,11,32,Hospitalizaciones - Covid-19 Identificado (U7.1),0,0,0,0,0,0
699,SUR,11,33,Hospitalizaciones - Covid-19 No Identificado (U7.2),0,0,0,0,0,0
700,SUR,12,1,Atenciones de urgencia - Total,1069,23,91,207,629,119
701,SUR,12,2,Atenciones de urgencia - Total Respiratorios,437,16,60,130,206,25
702,SUR,12,3,Atenciones de urgencia - Bronquitis/bronquiolitis aguda (J20-J21),31,0,4,8,17,2
703,SUR,12,4,Atenciones de urgencia - Influenza (J09-J11),7,0,0,3,4,0
704,SUR,12,5,Atenciones de urgencia - Neumonía (J12-J18),8,0,0,1,2,5
705,SUR,12,6,"Atenciones de urgencia - Otra causa respiratoria (J22, J30-J39, J47, J60-J98)",14,0,2,4,7,1
706,SUR,12,7,Hospitalizaciones - Sistema Respiratorio,0,0,0,0,0,0
707,SUR,12,10,Atenciones de urgencia - IRA Alta (J00-J06),369,16,54,113,172,14
708,SUR,12,11,Atenciones de urgencia - Crisis obstructiva bronquial (J40-J46),8,0,0,1,4,3
709,SUR,12,25,Hospitalizaciones - Total,0,0,0,0,0,0
710,SUR,12,30,"Atenciones de urgencia - Covid-19, Identificado (U07.1)",3,0,0,0,3,0
711,SUR,12,31,"Atenciones de urgencia - Covid-19, No Identificado (U07.2)",2,0,0,0,2,0
712,SUR,12,32,Hospitalizaciones - Covid-19 Identificado (U7.1),0,0,0,0,0,0
713,SUR,12,33,Hospitalizaciones - Covid-19 No Identificado (U7.2),0,0,0,0,0,0
